Plant,PlantURL,JAN,FEB,MAR,APR,MAY,JUN,JUL,AUG,SEP,OCT,NOV,DEC,Category
Amaranth Seeds,https://www.theseedcollection.com.au/all-products?gn=Amaranth Seeds&gg=2226,0,0,0,0,0,0,0,0,1,1,1,0,vegetable;flower
Artichoke Seeds,https://www.theseedcollection.com.au/all-products?gn=Artichoke Seeds&gg=2227,0,0,0,0,0,0,0,0,1,1,1,0,vegetable
Asparagus Crowns,https://www.theseedcollection.com.au/all-products?gn=Asparagus Crowns&gg=2650,0,0,0,0,0,1,1,1,1,1,0,0,vegetable
Asparagus Seeds,https://www.theseedcollection.com.au/all-products?gn=Asparagus Seeds&gg=2228,0,0,0,0,0,0,0,0,1,1,1,0,vegetable
Bean Seeds,https://www.theseedcollection.com.au/all-products?gn=Bean Seeds&gg=2231,1,0,0,0,0,0,0,0,0,1,1,1,vegetable
Beetroot Seeds,https://www.theseedcollection.com.au/all-products?gn=Beetroot Seeds&gg=2232,1,1,1,1,0,0,0,0,1,1,1,1,vegetable
Bitter Melon Seeds,https://www.theseedcollection.com.au/all-products?gn=Bitter Melon Seeds&gg=2233,0,0,0,0,0,0,0,0,0,1,1,1,vegetable
Blackberry Canes,https://www.theseedcollection.com.au/all-products?gn=Blackberry Canes&gg=2666,0,0,0,0,0,1,1,1,0,0,0,0,vegetable
Boysenberry Canes,https://www.theseedcollection.com.au/all-products?gn=Boysenberry Canes&gg=2749,0,0,0,0,0,1,1,1,0,0,0,0,vegetable
Broad Bean Seeds,https://www.theseedcollection.com.au/all-products?gn=Broad Bean Seeds&gg=2235,0,0,1,1,1,0,0,1,1,0,0,0,vegetable
Broccoli Seeds,https://www.theseedcollection.com.au/all-products?gn=Broccoli Seeds&gg=2236,1,1,1,0,0,0,0,0,0,0,1,1,vegetable
Brussels Sprouts Seeds,https://www.theseedcollection.com.au/all-products?gn=Brussels Sprouts Seeds&gg=2237,1,1,0,0,0,0,0,0,0,1,1,1,vegetable
Bulb Onion Seeds,https://www.theseedcollection.com.au/all-products?gn=Bulb Onion Seeds&gg=2295,0,1,1,1,1,1,1,1,1,0,0,0,vegetable
Bunching Onion Seeds,https://www.theseedcollection.com.au/all-products?gn=Bunching Onion Seeds&gg=2238,0,0,1,1,1,1,1,1,1,1,1,0,vegetable
Burdock Seeds,https://www.theseedcollection.com.au/all-products?gn=Burdock Seeds&gg=2491,1,1,0,0,0,0,0,0,1,1,1,1,vegetable
Cabbage Seeds,https://www.theseedcollection.com.au/all-products?gn=Cabbage Seeds&gg=2239,0,1,1,1,0,0,0,1,1,0,0,0,vegetable
Cape Gooseberry Seeds,https://www.theseedcollection.com.au/all-products?gn=Cape Gooseberry Seeds&gg=2466,0,0,0,0,0,0,0,0,0,1,1,0,vegetable
Capsicum Seeds,https://www.theseedcollection.com.au/all-products?gn=Capsicum Seeds&gg=2243,0,0,0,0,0,0,0,0,1,1,1,0,vegetable
Carob Seeds,https://www.theseedcollection.com.au/all-products?gn=Carob Seeds&gg=2493,0,0,0,0,0,0,0,0,1,1,1,0,vegetable
Carrot Seeds,https://www.theseedcollection.com.au/all-products?gn=Carrot Seeds&gg=2245,1,1,1,0,0,0,0,1,1,1,1,1,vegetable
Cauliflower Seeds,https://www.theseedcollection.com.au/all-products?gn=Cauliflower Seeds&gg=2246,1,1,1,1,0,0,0,0,0,0,1,1,vegetable
Celeriac Seeds,https://www.theseedcollection.com.au/all-products?gn=Celeriac Seeds&gg=2482,1,0,0,0,0,0,0,0,0,1,1,1,vegetable
Celery Seeds,https://www.theseedcollection.com.au/all-products?gn=Celery Seeds&gg=2247,0,0,0,0,0,0,0,0,1,1,1,1,vegetable
Chia Seeds,https://www.theseedcollection.com.au/all-products?gn=Chia Seeds&gg=2863,0,0,1,1,1,0,0,0,1,1,1,0,vegetable
Chickpea Seeds,https://www.theseedcollection.com.au/all-products?gn=Chickpea Seeds&gg=2494,0,0,0,0,1,1,1,1,0,0,0,0,vegetable
Chicory (Radicchio) Seeds,https://www.theseedcollection.com.au/all-products?gn=Chicory (Radicchio) Seeds&gg=2249,0,0,0,0,0,0,0,0,0,1,1,0,vegetable
Chilli Seeds,https://www.theseedcollection.com.au/all-products?gn=Chilli Seeds&gg=2250,0,0,0,0,0,0,0,0,1,1,1,0,vegetable
Chinese Cabbage Seeds,https://www.theseedcollection.com.au/all-products?gn=Chinese Cabbage Seeds&gg=2251,1,1,1,0,0,0,0,1,1,1,1,1,vegetable
Corn Salad Seeds,https://www.theseedcollection.com.au/all-products?gn=Corn Salad Seeds&gg=2256,0,0,1,1,1,0,0,1,1,0,0,0,vegetable;herb
Corn Seeds,https://www.theseedcollection.com.au/all-products?gn=Corn Seeds&gg=2255,1,0,0,0,0,0,0,0,0,1,1,1,vegetable
Couve Tronchuda Seeds,https://www.theseedcollection.com.au/all-products?gn=Couve Tronchuda Seeds&gg=2495,1,1,1,1,0,0,0,1,1,1,0,0,vegetable
Cress Seeds,https://www.theseedcollection.com.au/all-products?gn=Cress Seeds&gg=2259,1,1,1,1,1,1,1,1,1,1,1,1,vegetable;herb
Cucumber Seeds,https://www.theseedcollection.com.au/all-products?gn=Cucumber Seeds&gg=2260,0,0,0,0,0,0,0,0,0,1,1,1,vegetable
Cucuzza seeds,https://www.theseedcollection.com.au/all-products?gn=Cucuzza seeds&gg=2481,0,0,0,0,0,0,0,0,0,1,1,1,vegetable
Currants,https://www.theseedcollection.com.au/all-products?gn=Currants&gg=3000,0,0,0,0,0,1,1,1,0,0,0,0,vegetable
Dragon Fruit Cuttings,https://www.theseedcollection.com.au/all-products?gn=Dragon Fruit Cuttings&gg=2854,1,1,0,0,0,0,0,0,1,1,1,1,vegetable
Eggplant Seeds,https://www.theseedcollection.com.au/all-products?gn=Eggplant Seeds&gg=2267,0,0,0,0,0,0,0,0,0,1,1,1,vegetable
Elephant Garlic Bulbs,https://www.theseedcollection.com.au/all-products?gn=Elephant Garlic Bulbs&gg=2602,0,0,1,1,1,1,0,0,1,1,0,0,vegetable
Endive Seeds,https://www.theseedcollection.com.au/all-products?gn=Endive Seeds&gg=2268,0,1,1,0,0,0,0,0,1,1,1,0,vegetable
Fennel Seeds,https://www.theseedcollection.com.au/all-products?gn=Fennel Seeds&gg=2270,1,1,1,0,0,0,0,0,1,1,1,1,vegetable;herb
Florence Fennel Seeds,https://www.theseedcollection.com.au/all-products?gn=Florence Fennel Seeds&gg=2340,1,1,1,0,0,0,0,0,1,1,1,1,vegetable;herb
Galangal Rhizomes,https://www.theseedcollection.com.au/all-products?gn=Galangal Rhizomes&gg=2464,0,0,0,0,0,0,0,0,0,0,1,1,vegetable;herb
Garland Seeds,https://www.theseedcollection.com.au/all-products?gn=Garland Seeds&gg=2271,0,1,1,1,0,0,0,0,1,1,1,0,vegetable;flower
Garlic Bulbs,https://www.theseedcollection.com.au/all-products?gn=Garlic Bulbs&gg=2272,0,1,1,1,1,1,0,0,0,0,0,0,vegetable
Ginger Rhizomes,https://www.theseedcollection.com.au/all-products?gn=Ginger Rhizomes&gg=2462,0,0,0,0,0,0,0,0,0,0,1,1,vegetable;herb
Goji Berry Seeds,https://www.theseedcollection.com.au/all-products?gn=Goji Berry Seeds&gg=2496,0,0,0,0,0,0,0,0,0,1,1,1,vegetable
Gooseberry Canes,https://www.theseedcollection.com.au/all-products?gn=Gooseberry Canes&gg=2998,0,0,0,0,0,1,1,1,0,0,0,0,vegetable
Gourd Seeds,https://www.theseedcollection.com.au/all-products?gn=Gourd Seeds&gg=2275,0,0,0,0,0,0,0,0,0,1,1,1,vegetable
Horseradish Roots,https://www.theseedcollection.com.au/all-products?gn=Horseradish Roots&gg=2344,0,0,0,0,0,0,0,1,1,1,1,0,vegetable
Jerusalem Artichoke Tubers,https://www.theseedcollection.com.au/all-products?gn=Jerusalem Artichoke Tubers&gg=2651,0,0,0,0,0,1,1,1,1,1,0,0,vegetable
Kale Seeds,https://www.theseedcollection.com.au/all-products?gn=Kale Seeds&gg=2278,1,1,1,1,0,0,0,0,0,0,0,0,vegetable
Kohlrabi Seeds,https://www.theseedcollection.com.au/all-products?gn=Kohlrabi Seeds&gg=2279,1,1,1,0,0,0,0,1,1,1,1,1,vegetable
Leek Seeds,https://www.theseedcollection.com.au/all-products?gn=Leek Seeds&gg=2282,1,1,1,1,0,0,0,0,1,1,1,1,vegetable
Lettuce Seeds,https://www.theseedcollection.com.au/all-products?gn=Lettuce Seeds&gg=2283,1,1,1,1,1,0,0,0,1,1,1,1,vegetable
Luffa Seeds,https://www.theseedcollection.com.au/all-products?gn=Luffa Seeds&gg=2286,0,0,0,0,0,0,0,0,0,1,1,1,vegetable
Madagascar Bean Seeds,https://www.theseedcollection.com.au/all-products?gn=Madagascar Bean Seeds&gg=2858,1,0,0,0,0,0,0,0,0,1,1,1,vegetable
Malabar Spinach Seeds,https://www.theseedcollection.com.au/all-products?gn=Malabar Spinach Seeds&gg=2476,1,0,0,0,0,0,0,0,1,1,1,1,vegetable
Mangel Wurzel Seeds,https://www.theseedcollection.com.au/all-products?gn=Mangel Wurzel Seeds&gg=2287,1,1,1,1,0,0,0,0,1,1,1,1,vegetable
Mibuna Seeds,https://www.theseedcollection.com.au/all-products?gn=Mibuna Seeds&gg=2862,1,1,1,1,1,1,1,1,1,1,1,1,vegetable
Mizuna Seeds,https://www.theseedcollection.com.au/all-products?gn=Mizuna Seeds&gg=2290,1,1,1,1,1,1,1,1,1,1,1,1,vegetable
Mustard Seeds,https://www.theseedcollection.com.au/all-products?gn=Mustard Seeds&gg=2291,1,1,1,1,1,1,1,1,1,1,1,1,vegetable;herb
Okra Seeds,https://www.theseedcollection.com.au/all-products?gn=Okra Seeds&gg=2294,0,0,0,0,0,0,0,0,0,1,1,1,vegetable
Orach Seeds,https://www.theseedcollection.com.au/all-products?gn=Orach Seeds&gg=2446,1,1,0,0,0,0,0,0,1,1,1,1,vegetable
Parsnip Seeds,https://www.theseedcollection.com.au/all-products?gn=Parsnip Seeds&gg=2300,1,1,0,0,0,0,0,1,1,1,1,1,vegetable
Passionfruit Seeds,https://www.theseedcollection.com.au/all-products?gn=Passionfruit Seeds&gg=2301,0,0,0,0,0,0,0,0,1,1,1,0,vegetable
Pea Seeds,https://www.theseedcollection.com.au/all-products?gn=Pea Seeds&gg=2302,1,1,1,1,1,1,1,1,1,1,0,0,vegetable
Peanut Seeds,https://www.theseedcollection.com.au/all-products?gn=Peanut Seeds&gg=2927,0,0,0,0,0,0,0,0,1,1,1,0,vegetable
Potato Tubers,https://www.theseedcollection.com.au/all-products?gn=Potato Tubers&gg=2306,0,0,0,0,0,0,0,1,1,1,1,1,vegetable
Preserving Melon Seeds,https://www.theseedcollection.com.au/all-products?gn=Preserving Melon Seeds&gg=2342,0,0,0,0,0,0,0,0,1,1,1,1,vegetable
Pumpkin & Winter Squash Seeds,https://www.theseedcollection.com.au/all-products?gn=Pumpkin & Winter Squash Seeds&gg=2307,0,0,0,0,0,0,0,0,0,1,1,1,vegetable
Radish Seeds,https://www.theseedcollection.com.au/all-products?gn=Radish Seeds&gg=2309,1,1,1,1,1,1,1,1,1,1,1,1,vegetable
Raspberry Canes,https://www.theseedcollection.com.au/all-products?gn=Raspberry Canes&gg=2657,0,0,0,0,0,1,1,1,0,0,0,0,vegetable
Rhubarb Crowns,https://www.theseedcollection.com.au/all-products?gn=Rhubarb Crowns&gg=2345,0,0,0,0,0,0,0,1,1,1,0,0,vegetable
Rhubarb Seeds,https://www.theseedcollection.com.au/all-products?gn=Rhubarb Seeds&gg=2310,0,0,0,0,0,0,0,0,1,1,1,1,vegetable
Rocket Seeds,https://www.theseedcollection.com.au/all-products?gn=Rocket Seeds&gg=2311,0,1,1,0,0,0,0,0,1,1,1,0,vegetable
Rockmelon Seeds,https://www.theseedcollection.com.au/all-products?gn=Rockmelon Seeds&gg=2312,0,0,0,0,0,0,0,0,0,1,1,1,vegetable
Root Parsley Seeds,https://www.theseedcollection.com.au/all-products?gn=Root Parsley Seeds&gg=2341,1,1,1,0,0,0,0,0,1,1,1,1,vegetable;herb
Rosella Seeds,https://www.theseedcollection.com.au/all-products?gn=Rosella Seeds&gg=2313,0,0,0,0,0,0,0,0,0,0,1,1,vegetable
Salsify Seeds,https://www.theseedcollection.com.au/all-products?gn=Salsify Seeds&gg=2490,1,1,1,0,0,0,0,0,1,1,1,1,vegetable
Scarlet Runner Bean Seeds,https://www.theseedcollection.com.au/all-products?gn=Scarlet Runner Bean Seeds&gg=2861,1,0,0,0,0,0,0,0,0,1,1,1,vegetable
Shallot from Bulbs,https://www.theseedcollection.com.au/all-products?gn=Shallot from Bulbs&gg=2317,0,0,0,0,0,0,1,1,1,0,0,0,vegetable
Shallot from Seeds,https://www.theseedcollection.com.au/all-products?gn=Shallot from Seeds&gg=2904,0,1,1,1,1,1,1,1,1,0,0,0,vegetable
Shark Fin Melon Seeds,https://www.theseedcollection.com.au/all-products?gn=Shark Fin Melon Seeds&gg=2497,0,0,0,0,0,0,0,0,0,1,1,1,vegetable
Silverbeet Seeds,https://www.theseedcollection.com.au/all-products?gn=Silverbeet Seeds&gg=2318,1,1,1,1,0,0,0,0,1,1,1,1,vegetable
Sorrel Seeds,https://www.theseedcollection.com.au/all-products?gn=Sorrel Seeds&gg=2319,0,0,1,1,1,0,0,0,1,1,1,0,vegetable;herb
Soybean Seeds,https://www.theseedcollection.com.au/all-products?gn=Soybean Seeds&gg=2486,0,0,0,0,0,0,0,0,0,0,1,1,vegetable
Spinach Seeds,https://www.theseedcollection.com.au/all-products?gn=Spinach Seeds&gg=2320,0,1,1,1,1,1,1,1,1,1,1,0,vegetable
Sprouting Seeds,https://www.theseedcollection.com.au/all-products?gn=Sprouting Seeds&gg=2654,1,1,1,1,1,1,1,1,1,1,1,1,vegetable
Strawberry Runners,https://www.theseedcollection.com.au/all-products?gn=Strawberry Runners&gg=2638,0,0,0,1,1,1,1,0,0,0,0,0,vegetable
Strawberry Seeds,https://www.theseedcollection.com.au/all-products?gn=Strawberry Seeds&gg=2323,0,0,1,1,0,0,0,0,1,1,1,0,vegetable
Strawberry Spinach Seeds,https://www.theseedcollection.com.au/all-products?gn=Strawberry Spinach Seeds&gg=2498,0,0,0,0,0,0,0,0,1,1,1,0,vegetable
Sugar Beet Seeds,https://www.theseedcollection.com.au/all-products?gn=Sugar Beet Seeds&gg=2480,1,1,1,1,0,0,0,0,1,1,1,1,vegetable
Summer Squash Seeds,https://www.theseedcollection.com.au/all-products?gn=Summer Squash Seeds&gg=2324,0,0,0,0,0,0,0,0,1,1,1,1,vegetable
Swede Seeds,https://www.theseedcollection.com.au/all-products?gn=Swede Seeds&gg=2326,1,1,1,1,0,0,0,0,1,1,1,0,vegetable
Sweet Potato Tubers,https://www.theseedcollection.com.au/all-products?gn=Sweet Potato Tubers&gg=2346,0,0,0,0,0,0,0,0,0,1,1,0,vegetable
Tamarillo Seeds,https://www.theseedcollection.com.au/all-products?gn=Tamarillo Seeds&gg=2499,0,0,0,0,0,0,0,0,1,1,1,1,vegetable
Tomatillo Seeds,https://www.theseedcollection.com.au/all-products?gn=Tomatillo Seeds&gg=2330,0,0,0,0,0,0,0,0,1,1,1,1,vegetable
Tomato Seeds,https://www.theseedcollection.com.au/all-products?gn=Tomato Seeds&gg=2331,0,0,0,0,0,0,0,0,1,1,1,1,vegetable
Turnip Seeds,https://www.theseedcollection.com.au/all-products?gn=Turnip Seeds&gg=2332,1,1,1,1,1,0,0,0,1,1,1,1,vegetable
Warrigal Greens Seeds,https://www.theseedcollection.com.au/all-products?gn=Warrigal Greens Seeds&gg=2343,1,1,0,0,0,0,0,0,1,1,1,1,vegetable
Water Cress Seeds,https://www.theseedcollection.com.au/all-products?gn=Water Cress Seeds&gg=2479,1,1,1,1,0,0,0,0,1,1,1,1,vegetable;herb
Watermelon Seeds,https://www.theseedcollection.com.au/all-products?gn=Watermelon Seeds&gg=2335,0,0,0,0,0,0,0,0,1,1,1,1,vegetable
Winged Bean Seeds,https://www.theseedcollection.com.au/all-products?gn=Winged Bean Seeds&gg=2488,0,0,0,0,0,0,0,0,0,0,1,1,vegetable
Winged Pea Seeds,https://www.theseedcollection.com.au/all-products?gn=Winged Pea Seeds&gg=2489,0,0,0,0,0,0,0,0,0,1,1,1,vegetable
Youngberry Canes,https://www.theseedcollection.com.au/all-products?gn=Youngberry Canes&gg=2999,0,0,0,0,0,1,1,1,0,0,0,0,vegetable
Zucchini Seeds,https://www.theseedcollection.com.au/all-products?gn=Zucchini Seeds&gg=2338,0,0,0,0,0,0,0,0,1,1,1,1,vegetable
Aloe Vera Plants,https://www.theseedcollection.com.au/all-products?gn=Aloe Vera Plants&gg=2845,1,1,1,1,1,1,1,1,1,1,1,1,herb
Anise Hyssop Seeds,https://www.theseedcollection.com.au/all-products?gn=Anise Hyssop Seeds&gg=2468,0,0,0,0,0,0,0,1,1,1,1,0,herb;flower
Basil Seeds,https://www.theseedcollection.com.au/all-products?gn=Basil Seeds&gg=2230,1,1,0,0,0,0,0,0,1,1,1,1,herb
Bergamot Seeds,https://www.theseedcollection.com.au/all-products?gn=Bergamot Seeds&gg=2389,1,1,1,0,0,0,0,0,0,1,1,1,herb;flower
Borage Seeds,https://www.theseedcollection.com.au/all-products?gn=Borage Seeds&gg=2390,1,0,0,0,0,0,0,0,1,1,1,1,herb
Calendula Seeds,https://www.theseedcollection.com.au/all-products?gn=Calendula Seeds&gg=2240,0,1,1,1,0,0,0,0,1,1,1,0,herb;flower
Caper Bush Seeds,https://www.theseedcollection.com.au/all-products?gn=Caper Bush Seeds&gg=2492,0,0,0,0,0,0,0,0,1,1,1,0,herb
Catmint (Short-stemmed) Seeds,https://www.theseedcollection.com.au/all-products?gn=Catmint (Short-stemmed) Seeds&gg=2628,0,0,1,1,0,0,0,0,1,1,1,0,herb
Catmint Seeds,https://www.theseedcollection.com.au/all-products?gn=Catmint Seeds&gg=2405,1,1,1,0,0,0,0,0,0,1,1,1,herb
Catnip Seeds,https://www.theseedcollection.com.au/all-products?gn=Catnip Seeds&gg=2404,1,1,1,0,0,0,0,0,0,1,1,1,herb
Chervil Seeds,https://www.theseedcollection.com.au/all-products?gn=Chervil Seeds&gg=2392,1,1,1,0,0,0,0,0,1,1,1,1,herb
Chive Seeds,https://www.theseedcollection.com.au/all-products?gn=Chive Seeds&gg=2252,1,1,1,0,0,0,0,0,0,1,1,1,herb
Collards Seeds,https://www.theseedcollection.com.au/all-products?gn=Collards Seeds&gg=2253,1,1,1,1,0,0,0,0,0,0,0,0,herb
Comfrey Seeds,https://www.theseedcollection.com.au/all-products?gn=Comfrey Seeds&gg=2400,0,1,1,1,0,0,0,0,1,1,1,0,herb
Coriander Seeds,https://www.theseedcollection.com.au/all-products?gn=Coriander Seeds&gg=2254,0,0,0,0,0,0,0,0,1,1,1,1,herb
Dill Seeds,https://www.theseedcollection.com.au/all-products?gn=Dill Seeds&gg=2265,1,0,0,0,0,0,0,0,1,1,1,1,herb
Echinacea Seeds,https://www.theseedcollection.com.au/all-products?gn=Echinacea Seeds&gg=2266,0,0,0,0,0,0,0,0,1,1,1,1,herb;flower
Feverfew Seeds,https://www.theseedcollection.com.au/all-products?gn=Feverfew Seeds&gg=2388,1,1,0,0,0,0,0,0,1,1,1,1,herb;flower
German Chamomile Seeds,https://www.theseedcollection.com.au/all-products?gn=German Chamomile Seeds&gg=2401,0,0,0,0,0,0,0,0,1,1,1,1,herb
Hyssop Seeds,https://www.theseedcollection.com.au/all-products?gn=Hyssop Seeds&gg=2393,1,1,0,0,0,0,0,0,1,1,1,1,herb
Lavender Seeds,https://www.theseedcollection.com.au/all-products?gn=Lavender Seeds&gg=2281,0,0,0,0,0,0,0,0,1,1,1,0,herb;flower
Lemon Balm Seeds,https://www.theseedcollection.com.au/all-products?gn=Lemon Balm Seeds&gg=2391,0,0,0,0,0,0,0,0,1,1,1,1,herb
Lovage Seeds,https://www.theseedcollection.com.au/all-products?gn=Lovage Seeds&gg=2394,1,1,0,0,0,0,0,0,1,1,1,1,herb
Meadowsweet Seeds,https://www.theseedcollection.com.au/all-products?gn=Meadowsweet Seeds&gg=3058,0,0,1,1,1,0,0,0,1,1,1,0,herb;flower
Mint Seeds,https://www.theseedcollection.com.au/all-products?gn=Mint Seeds&gg=2289,0,0,0,0,0,0,0,0,1,1,1,1,herb
Nasturtium Seeds,https://www.theseedcollection.com.au/all-products?gn=Nasturtium Seeds&gg=2292,0,0,0,0,0,0,0,0,1,1,1,1,herb;flower
Oregano Seeds,https://www.theseedcollection.com.au/all-products?gn=Oregano Seeds&gg=2296,0,0,0,0,0,0,0,0,1,1,1,1,herb
Parsley Seeds,https://www.theseedcollection.com.au/all-products?gn=Parsley Seeds&gg=2299,1,1,1,0,0,0,0,0,1,1,1,1,herb
Perilla Seeds,https://www.theseedcollection.com.au/all-products?gn=Perilla Seeds&gg=2303,0,0,0,0,0,0,0,0,1,1,1,1,herb
Purslane Seeds,https://www.theseedcollection.com.au/all-products?gn=Purslane Seeds&gg=2308,1,0,0,0,0,0,0,0,0,1,1,1,herb
Roman Lawn Chamomile Seeds,https://www.theseedcollection.com.au/all-products?gn=Roman Lawn Chamomile Seeds&gg=2414,0,0,0,0,0,0,0,0,1,1,1,1,herb
Rosemary Seeds,https://www.theseedcollection.com.au/all-products?gn=Rosemary Seeds&gg=2314,0,0,1,1,1,0,0,0,1,1,1,0,herb
Russian Tarragon Seeds,https://www.theseedcollection.com.au/all-products?gn=Russian Tarragon Seeds&gg=2403,0,0,0,0,0,0,0,0,1,1,1,0,herb
Saffron Crocus Corms,https://www.theseedcollection.com.au/all-products?gn=Saffron Crocus Corms&gg=2919,1,1,1,1,0,0,0,0,0,0,0,1,herb
Sage Seeds,https://www.theseedcollection.com.au/all-products?gn=Sage Seeds&gg=2315,0,0,0,0,0,0,0,0,1,1,1,0,herb
Savory Seeds,https://www.theseedcollection.com.au/all-products?gn=Savory Seeds&gg=2402,0,0,0,0,0,0,0,0,1,1,1,0,herb
Thyme Seeds,https://www.theseedcollection.com.au/all-products?gn=Thyme Seeds&gg=2329,0,0,0,0,0,0,0,0,1,1,1,1,herb
Turmeric Rhizomes,https://www.theseedcollection.com.au/all-products?gn=Turmeric Rhizomes&gg=2463,0,0,0,0,0,0,0,0,0,0,1,1,herb
Yarrow Seeds,https://www.theseedcollection.com.au/all-products?gn=Yarrow Seeds&gg=2336,0,0,0,0,0,0,0,0,1,1,1,0,herb;flower
Ageratum Seeds,https://www.theseedcollection.com.au/all-products?gn=Ageratum Seeds&gg=2224,0,0,0,0,0,0,0,0,1,1,1,1,flower
Allium (Flowering Onion) Bulbs,https://www.theseedcollection.com.au/all-products?gn=Allium (Flowering Onion) Bulbs&gg=2609,0,0,1,1,1,1,0,0,0,0,0,0,flower
Aloe Plants,https://www.theseedcollection.com.au/all-products?gn=Aloe Plants&gg=2844,1,1,1,1,1,1,1,1,1,1,1,1,flower
Alyssum Seeds,https://www.theseedcollection.com.au/all-products?gn=Alyssum Seeds&gg=2225,1,1,1,1,0,0,0,0,1,1,1,1,flower
American Basket Flower Seeds,https://www.theseedcollection.com.au/all-products?gn=American Basket Flower Seeds&gg=2472,0,0,1,1,1,0,0,0,1,1,1,0,flower
Anemone Corms,https://www.theseedcollection.com.au/all-products?gn=Anemone Corms&gg=2603,0,1,1,1,1,1,1,1,0,0,0,0,flower
Aquilegia Seeds,https://www.theseedcollection.com.au/all-products?gn=Aquilegia Seeds&gg=2347,0,1,1,1,0,0,0,0,1,1,0,0,flower
Armeria Seeds,https://www.theseedcollection.com.au/all-products?gn=Armeria Seeds&gg=2443,0,0,1,1,1,0,0,0,1,1,1,0,flower
Aster Seeds,https://www.theseedcollection.com.au/all-products?gn=Aster Seeds&gg=2229,0,0,0,0,0,0,0,0,1,1,1,1,flower
Babiana Corms,https://www.theseedcollection.com.au/all-products?gn=Babiana Corms&gg=2917,0,1,1,1,1,0,0,0,0,0,0,0,flower
Balloon Flower Seeds,https://www.theseedcollection.com.au/all-products?gn=Balloon Flower Seeds&gg=2349,0,0,0,0,0,0,0,0,1,1,1,0,flower
Bearded Iris Rhizomes,https://www.theseedcollection.com.au/all-products?gn=Bearded Iris Rhizomes&gg=2912,0,1,1,1,1,1,1,1,1,0,0,0,flower
Belladonna Lily Bulbs,https://www.theseedcollection.com.au/all-products?gn=Belladonna Lily Bulbs&gg=2913,1,1,1,1,0,0,0,0,0,0,0,0,flower
Billy Buttons Seeds,https://www.theseedcollection.com.au/all-products?gn=Billy Buttons Seeds&gg=2478,1,1,1,1,1,0,0,0,1,1,1,1,flower
Black Eyed Susan Seeds,https://www.theseedcollection.com.au/all-products?gn=Black Eyed Susan Seeds&gg=2473,0,0,0,0,0,0,0,0,1,1,1,1,flower
Bluebell Bulbs,https://www.theseedcollection.com.au/all-products?gn=Bluebell Bulbs&gg=2626,0,0,1,1,1,1,0,0,0,0,0,0,flower
Bottle Tree Seeds,https://www.theseedcollection.com.au/all-products?gn=Bottle Tree Seeds&gg=2500,0,1,1,1,0,0,0,0,1,1,1,0,flower
Brachyscome Seeds,https://www.theseedcollection.com.au/all-products?gn=Brachyscome Seeds&gg=2234,0,0,0,0,0,0,0,0,1,1,1,1,flower
Butterfly Bush Seeds,https://www.theseedcollection.com.au/all-products?gn=Butterfly Bush Seeds&gg=2422,0,0,0,0,0,0,0,0,1,1,1,0,flower
Californian Poppy Seeds,https://www.theseedcollection.com.au/all-products?gn=Californian Poppy Seeds&gg=2241,1,0,0,0,0,0,0,0,1,1,1,1,flower
Campanula Seeds,https://www.theseedcollection.com.au/all-products?gn=Campanula Seeds&gg=2350,0,0,1,1,1,0,0,0,1,1,1,0,flower
Candytuft Seeds,https://www.theseedcollection.com.au/all-products?gn=Candytuft Seeds&gg=2242,0,1,1,1,0,0,0,0,1,1,1,0,flower
Canterbury Bells Seeds,https://www.theseedcollection.com.au/all-products?gn=Canterbury Bells Seeds&gg=2351,0,0,1,1,1,0,0,0,1,1,1,0,flower
Carnation Seeds,https://www.theseedcollection.com.au/all-products?gn=Carnation Seeds&gg=2244,0,1,1,1,1,0,0,1,1,1,0,0,flower
Celosia Seeds,https://www.theseedcollection.com.au/all-products?gn=Celosia Seeds&gg=2248,0,0,0,0,0,0,0,0,0,1,1,1,flower
Chincherinchee Bulbs,https://www.theseedcollection.com.au/all-products?gn=Chincherinchee Bulbs&gg=2914,0,0,1,1,1,1,0,0,0,0,0,0,flower
Chinese Forget Me Not Seeds,https://www.theseedcollection.com.au/all-products?gn=Chinese Forget Me Not Seeds&gg=2339,0,0,0,0,0,0,0,0,1,1,1,1,flower
Chrysanthemum Seeds,https://www.theseedcollection.com.au/all-products?gn=Chrysanthemum Seeds&gg=2384,1,0,0,0,0,0,0,0,1,1,1,1,flower
Coleus Seeds,https://www.theseedcollection.com.au/all-products?gn=Coleus Seeds&gg=2877,1,1,0,0,0,0,0,0,1,1,1,1,flower
Coreopsis Seeds,https://www.theseedcollection.com.au/all-products?gn=Coreopsis Seeds&gg=2474,0,1,1,1,0,0,0,0,1,1,1,0,flower
Cornflower Seeds,https://www.theseedcollection.com.au/all-products?gn=Cornflower Seeds&gg=2257,0,0,1,1,1,0,0,0,1,1,1,0,flower
Cosmos Seeds,https://www.theseedcollection.com.au/all-products?gn=Cosmos Seeds&gg=2258,0,0,0,0,0,0,0,0,1,1,1,1,flower
Crocus Corms,https://www.theseedcollection.com.au/all-products?gn=Crocus Corms&gg=2921,0,1,1,1,1,0,0,0,0,0,0,0,flower
Daffodil Bulbs,https://www.theseedcollection.com.au/all-products?gn=Daffodil Bulbs&gg=2375,0,0,1,1,1,1,0,0,0,0,0,0,flower
Dahlia Seeds,https://www.theseedcollection.com.au/all-products?gn=Dahlia Seeds&gg=2261,0,0,0,0,0,0,0,0,1,1,1,1,flower
Dahlia Tubers,https://www.theseedcollection.com.au/all-products?gn=Dahlia Tubers&gg=2262,0,0,0,0,0,0,0,0,1,1,1,0,flower
Delphinium Seeds,https://www.theseedcollection.com.au/all-products?gn=Delphinium Seeds&gg=2263,0,1,1,1,0,0,0,0,1,1,0,0,flower
Dianthus Seeds,https://www.theseedcollection.com.au/all-products?gn=Dianthus Seeds&gg=2264,0,1,1,1,0,0,0,0,1,1,1,0,flower
Dichondra Seeds,https://www.theseedcollection.com.au/all-products?gn=Dichondra Seeds&gg=2864,1,1,0,0,0,0,0,0,1,1,1,1,flower
Dutch Iris Bulbs,https://www.theseedcollection.com.au/all-products?gn=Dutch Iris Bulbs&gg=2615,0,0,1,1,1,1,0,0,0,0,0,0,flower
Echinops Seeds,https://www.theseedcollection.com.au/all-products?gn=Echinops Seeds&gg=2469,1,1,1,0,0,0,0,0,0,1,1,1,flower
Everlasting Daisy Seeds,https://www.theseedcollection.com.au/all-products?gn=Everlasting Daisy Seeds&gg=2269,1,1,1,1,0,0,0,0,1,1,1,1,flower
Everlasting Sweetpea Seeds,https://www.theseedcollection.com.au/all-products?gn=Everlasting Sweetpea Seeds&gg=2475,0,1,1,1,0,0,0,0,1,1,1,0,flower
Forget Me Not Seeds,https://www.theseedcollection.com.au/all-products?gn=Forget Me Not Seeds&gg=2223,1,1,1,1,0,0,0,0,0,0,0,1,flower
Four 'O' Clocks Seeds,https://www.theseedcollection.com.au/all-products?gn=Four 'O' Clocks Seeds&gg=2352,0,0,0,0,0,0,0,0,1,1,1,0,flower
Foxglove Seeds,https://www.theseedcollection.com.au/all-products?gn=Foxglove Seeds&gg=2354,0,1,1,1,0,0,0,0,0,0,0,0,flower
Freesia Bulbs,https://www.theseedcollection.com.au/all-products?gn=Freesia Bulbs&gg=2607,0,0,1,1,1,1,0,0,0,0,0,0,flower
Gladiolus Corms,https://www.theseedcollection.com.au/all-products?gn=Gladiolus Corms&gg=2659,0,0,0,0,0,0,0,1,1,1,0,0,flower
Globe Amaranth Seeds,https://www.theseedcollection.com.au/all-products?gn=Globe Amaranth Seeds&gg=2273,0,0,0,0,0,0,0,0,1,1,1,0,flower
Godetia Seeds,https://www.theseedcollection.com.au/all-products?gn=Godetia Seeds&gg=2274,0,1,1,1,0,0,0,0,1,1,0,0,flower
Golden Marguerite Seeds,https://www.theseedcollection.com.au/all-products?gn=Golden Marguerite Seeds&gg=2470,0,0,0,0,0,0,0,1,1,1,1,0,flower
Gypsophila Seeds,https://www.theseedcollection.com.au/all-products?gn=Gypsophila Seeds&gg=2276,1,1,1,1,1,0,0,1,1,1,1,1,flower
Hollyhock Seeds,https://www.theseedcollection.com.au/all-products?gn=Hollyhock Seeds&gg=2355,1,1,1,1,0,0,0,0,0,0,0,0,flower
Honesty Seeds,https://www.theseedcollection.com.au/all-products?gn=Honesty Seeds&gg=2356,0,1,1,1,0,0,0,0,1,1,1,0,flower
Hyacinth Bulbs,https://www.theseedcollection.com.au/all-products?gn=Hyacinth Bulbs&gg=2377,0,0,1,1,1,1,0,0,0,0,0,0,flower
Impatiens Seeds,https://www.theseedcollection.com.au/all-products?gn=Impatiens Seeds&gg=2358,0,1,1,1,0,0,0,0,1,1,0,0,flower
Ixia Bulbs,https://www.theseedcollection.com.au/all-products?gn=Ixia Bulbs&gg=2605,0,0,1,1,1,1,0,0,0,0,0,0,flower
Jonquil Bulbs,https://www.theseedcollection.com.au/all-products?gn=Jonquil Bulbs&gg=2376,0,0,1,1,1,1,0,0,0,0,0,0,flower
Lachenalia Bulbs,https://www.theseedcollection.com.au/all-products?gn=Lachenalia Bulbs&gg=2923,0,0,1,1,1,1,0,0,0,0,0,0,flower
Larkspur Seeds,https://www.theseedcollection.com.au/all-products?gn=Larkspur Seeds&gg=2280,0,1,1,1,0,0,0,0,1,1,0,0,flower
Leucocoryne Bulbs,https://www.theseedcollection.com.au/all-products?gn=Leucocoryne Bulbs&gg=2922,0,0,1,1,1,1,0,0,0,0,0,0,flower
Lily Bulbs,https://www.theseedcollection.com.au/all-products?gn=Lily Bulbs&gg=2284,0,0,0,0,0,1,1,1,1,0,0,0,flower
Linaria Seeds,https://www.theseedcollection.com.au/all-products?gn=Linaria Seeds&gg=2357,0,1,1,1,0,0,0,0,1,1,1,0,flower
Livingstone Daisy Seeds,https://www.theseedcollection.com.au/all-products?gn=Livingstone Daisy Seeds&gg=2359,0,1,1,1,0,0,0,0,1,1,0,0,flower
Lobelia Seeds,https://www.theseedcollection.com.au/all-products?gn=Lobelia Seeds&gg=2285,0,1,1,1,0,0,0,0,1,1,0,0,flower
Lupin Seeds,https://www.theseedcollection.com.au/all-products?gn=Lupin Seeds&gg=2360,0,0,1,1,1,0,0,0,1,1,1,0,flower
Marigold Seeds,https://www.theseedcollection.com.au/all-products?gn=Marigold Seeds&gg=2288,0,0,0,0,0,0,0,0,1,1,1,1,flower
Muscari Bulbs,https://www.theseedcollection.com.au/all-products?gn=Muscari Bulbs&gg=2604,0,0,1,1,1,1,0,0,0,0,0,0,flower
Nigella Seeds,https://www.theseedcollection.com.au/all-products?gn=Nigella Seeds&gg=2293,0,1,1,1,0,0,0,0,1,1,0,0,flower
Pansy Seeds,https://www.theseedcollection.com.au/all-products?gn=Pansy Seeds&gg=2297,1,1,1,1,0,0,0,0,1,1,0,0,flower
Paper Daisy Seeds,https://www.theseedcollection.com.au/all-products?gn=Paper Daisy Seeds&gg=2298,1,1,1,1,0,0,0,0,1,1,1,1,flower
Peacock Iris Bulbs,https://www.theseedcollection.com.au/all-products?gn=Peacock Iris Bulbs&gg=2916,0,1,1,1,1,1,0,0,0,0,0,0,flower
Penstemon Seeds,https://www.theseedcollection.com.au/all-products?gn=Penstemon Seeds&gg=2383,0,0,1,1,0,0,0,1,1,1,0,0,flower
Peony Herbaceous,https://www.theseedcollection.com.au/all-products?gn=Peony Herbaceous&gg=3010,0,0,0,0,0,1,1,1,0,0,0,0,flower
Petunia Seeds,https://www.theseedcollection.com.au/all-products?gn=Petunia Seeds&gg=2304,0,0,0,0,0,0,0,0,1,1,1,1,flower
Phacelia Seeds,https://www.theseedcollection.com.au/all-products?gn=Phacelia Seeds&gg=2950,0,1,1,1,0,0,0,0,1,1,1,0,flower
Phlox Seeds,https://www.theseedcollection.com.au/all-products?gn=Phlox Seeds&gg=2305,0,0,0,0,0,0,0,0,1,1,1,1,flower
Pincushion Flower Seeds,https://www.theseedcollection.com.au/all-products?gn=Pincushion Flower Seeds&gg=2382,0,1,1,1,0,0,0,0,1,1,1,0,flower
Poppy Seeds,https://www.theseedcollection.com.au/all-products?gn=Poppy Seeds&gg=2387,1,1,1,1,0,0,0,0,0,0,0,0,flower
Ranunculus Corms,https://www.theseedcollection.com.au/all-products?gn=Ranunculus Corms&gg=2379,0,0,1,1,1,1,0,0,0,0,0,0,flower
Rose (bare-rooted),https://www.theseedcollection.com.au/all-products?gn=Rose (bare-rooted)&gg=3001,0,0,0,0,0,1,1,1,0,0,0,0,flower
Salvia Seeds,https://www.theseedcollection.com.au/all-products?gn=Salvia Seeds&gg=2316,0,0,0,0,0,0,0,0,1,1,1,1,flower
Schizanthus Seeds,https://www.theseedcollection.com.au/all-products?gn=Schizanthus Seeds&gg=2381,1,1,1,0,0,0,0,0,0,1,1,1,flower
Snapdragon Seeds,https://www.theseedcollection.com.au/all-products?gn=Snapdragon Seeds&gg=2380,0,1,1,1,0,0,0,0,1,1,1,1,flower
Snowflakes Bulbs,https://www.theseedcollection.com.au/all-products?gn=Snowflakes Bulbs&gg=2608,0,0,1,1,1,1,0,0,0,0,0,0,flower
Spring Star Bulbs,https://www.theseedcollection.com.au/all-products?gn=Spring Star Bulbs&gg=2610,0,0,1,1,1,1,0,0,0,0,0,0,flower
Star of Bethleham Bulbs,https://www.theseedcollection.com.au/all-products?gn=Star of Bethleham Bulbs&gg=2915,0,0,1,1,1,1,0,0,0,0,0,0,flower
Statice Seeds,https://www.theseedcollection.com.au/all-products?gn=Statice Seeds&gg=2321,0,1,1,1,0,0,0,0,1,1,0,0,flower
Stock Seeds,https://www.theseedcollection.com.au/all-products?gn=Stock Seeds&gg=2322,1,1,1,1,0,0,0,0,0,0,0,0,flower
Sunflower Seeds,https://www.theseedcollection.com.au/all-products?gn=Sunflower Seeds&gg=2325,0,0,0,0,0,0,0,0,1,1,1,1,flower
Sweet William Seeds,https://www.theseedcollection.com.au/all-products?gn=Sweet William Seeds&gg=2327,0,1,1,1,0,0,0,0,1,1,1,0,flower
Sweetpea Seeds,https://www.theseedcollection.com.au/all-products?gn=Sweetpea Seeds&gg=2328,1,1,1,1,0,0,0,0,1,1,0,0,flower
Tritonia Bulbs,https://www.theseedcollection.com.au/all-products?gn=Tritonia Bulbs&gg=2918,0,0,1,1,1,1,0,0,0,0,0,0,flower
Tulip Bulbs,https://www.theseedcollection.com.au/all-products?gn=Tulip Bulbs&gg=2378,0,0,1,1,1,1,0,0,0,0,0,0,flower
Verbena Seeds,https://www.theseedcollection.com.au/all-products?gn=Verbena Seeds&gg=2398,1,0,0,0,0,0,0,0,1,1,1,1,flower
Vinca Seeds,https://www.theseedcollection.com.au/all-products?gn=Vinca Seeds&gg=2399,0,0,0,0,0,0,0,0,1,1,1,1,flower
Viola Seeds,https://www.theseedcollection.com.au/all-products?gn=Viola Seeds&gg=2333,1,1,1,0,0,0,0,0,1,0,0,0,flower
Wallflower Seeds,https://www.theseedcollection.com.au/all-products?gn=Wallflower Seeds&gg=2334,1,1,1,1,0,0,0,0,0,0,0,0,flower
Zinnia Seeds,https://www.theseedcollection.com.au/all-products?gn=Zinnia Seeds&gg=2337,0,0,0,0,0,0,0,0,1,1,1,1,flower
